,name,address,city,state,zip,phone,LAT,LON,hasSpecialties,ADDICTION MEDICINE,ADVANCED HEART FAILURE AND TRANSPLANT CARDIOLOGY,ALLERGY/IMMUNOLOGY,ANESTHESIOLOGY,ANESTHESIOLOGY ASSISTANT,AUDIOLOGIST,CARDIAC ELECTROPHYSIOLOGY,CARDIAC SURGERY,CARDIOVASCULAR DISEASE (CARDIOLOGY),CERTIFIED NURSE MIDWIFE,CERTIFIED REGISTERED NURSE ANESTHETIST,CHIROPRACTIC,CLINICAL NURSE SPECIALIST,CLINICAL PSYCHOLOGIST,CLINICAL SOCIAL WORKER,COLORECTAL SURGERY (PROCTOLOGY),CRITICAL CARE (INTENSIVISTS),DENTIST,DERMATOLOGY,DIAGNOSTIC RADIOLOGY,EMERGENCY MEDICINE,ENDOCRINOLOGY,FAMILY PRACTICE,GASTROENTEROLOGY,GENERAL PRACTICE,GENERAL SURGERY,GERIATRIC MEDICINE,GERIATRIC PSYCHIATRY,GYNECOLOGICAL ONCOLOGY,HAND SURGERY,HEMATOLOGY,HEMATOLOGY/ONCOLOGY,HEMATOPOIETIC CELL TRANSPLANTATION AND CELLULAR TH,HOSPICE/PALLIATIVE CARE,HOSPITALIST,INFECTIOUS DISEASE,INTERNAL MEDICINE,INTERVENTIONAL CARDIOLOGY,INTERVENTIONAL PAIN MANAGEMENT,INTERVENTIONAL RADIOLOGY,MAXILLOFACIAL SURGERY,MEDICAL ONCOLOGY,NEPHROLOGY,NEUROLOGY,NEUROPSYCHIATRY,NEUROSURGERY,NUCLEAR MEDICINE,NURSE PRACTITIONER,OBSTETRICS/GYNECOLOGY,OCCUPATIONAL THERAPY,OPHTHALMOLOGY,OPTOMETRY,ORAL SURGERY,ORTHOPEDIC SURGERY,OSTEOPATHIC MANIPULATIVE MEDICINE,OTOLARYNGOLOGY,PAIN MANAGEMENT,PATHOLOGY,PEDIATRIC MEDICINE,PERIPHERAL VASCULAR DISEASE,PHYSICAL MEDICINE AND REHABILITATION,PHYSICAL THERAPY,PHYSICIAN ASSISTANT,PLASTIC AND RECONSTRUCTIVE SURGERY,PODIATRY,PREVENTATIVE MEDICINE,PSYCHIATRY,PULMONARY DISEASE,RADIATION ONCOLOGY,REGISTERED DIETITIAN OR NUTRITION PROFESSIONAL,RHEUMATOLOGY,,SLEEP MEDICINE,SPEECH LANGUAGE PATHOLOGIST,SPORTS MEDICINE,SURGICAL ONCOLOGY,THORACIC SURGERY,UNDEFINED PHYSICIAN TYPE (SPECIFY),UROLOGY,,VASCULAR SURGERY,id
0,Dr. Rūta Jankauskas,99 Kauno g.,Šiauliai,,LT-76321,+370 41 3674317,55.927274,23.327749,,,,,,,,,,,,,,,,,,,,,,,,,,,,,,,,,,,,,,,,,,,,,,,,,,,,,,,,,,,,,,,,,,,,,,,,,,,,,,,,,30000
1,Dr. Darius Povilaitė,155 Savanorių pr.,Šiauliai,,LT-76321,+370 41 9192554,55.935113,23.33268,,,,,,,,,,,,,,,,,,,,,,,,,,,,,,,,,,,,,,,,,,,,,,,,,,,,,,,,,,,,,,,,,,,,,,,,,,,,,,,,,30001
2,Dr. Ieva Žukauskas,113 J. Basanavičiaus g.,Marijampolė,,LT-68188,+370 343 511064,54.55974,23.36425,,,,,,,,,,,,,,,,,,,,,,,,,,,,,,,,,,,,,,,,,,,,,,,,,,,,,,,,,,,,,,,,,,,,,,,,,,,,,,,,,30002
3,Dr. Darius Lukošius,98 Maironio g.,Utena,,LT-28151,+370 389 997861,55.484643,25.610799,,,,,,,,,,,,,,,,,,,,,,,,,,,,,,,,,,,,,,,,,,,,,,,,,,,,,,,,,,,,,,,,,,,,,,,,,,,,,,,,,30003
4,Dr. Ieva Gedraitis,16 Gedimino pr.,Alytus,,LT-62114,+370 315 276748,54.379634,24.020898,,,,,,,,,,,,,,,,,,,,,,,,,,,,,,,,,,,,,,,,,,,,,,,,,,,,,,,,,,,,,,,,,,,,,,,,,,,,,,,,,30004
5,Dr. Ingrida Kazlauskas,171 J. Basanavičiaus g.,Alytus,,LT-62114,+370 315 877176,54.411732,24.017488,,,,,,,,,,,,,,,,,,,,,,,,,,,,,,,,,,,,,,,,,,,,,,,,,,,,,,,,,,,,,,,,,,,,,,,,,,,,,,,,,30005
6,Dr. Laura Kruopas,187 Gedimino pr.,Kėdainiai,,LT-57400,+370 347 026246,55.276761,23.988237,,,,,,,,,,,,,,,,,,,,,,,,,,,,,,,,,,,,,,,,,,,,,,,,,,,,,,,,,,,,,,,,,,,,,,,,,,,,,,,,,30006
7,Dr. Giedrius Jonaitė,48 Maironio g.,Klaipėda,,LT-91200,+370 46 8113175,55.687492,21.126011,,,,,,,,,,,,,,,,,,,,,,,,,,,,,,,,,,,,,,,,,,,,,,,,,,,,,,,,,,,,,,,,,,,,,,,,,,,,,,,,,30007
8,Dr. Ieva Jankauskas,183 Kauno g.,Šiauliai,,LT-76321,+370 41 7590006,55.914063,23.329928,,,,,,,,,,,,,,,,,,,,,,,,,,,,,,,,,,,,,,,,,,,,,,,,,,,,,,,,,,,,,,,,,,,,,,,,,,,,,,,,,30008
9,Dr. Laura Vilkas,114 Tilžės g.,Alytus,,LT-62114,+370 315 984182,54.379481,24.045548,,,,,,,,,,,,,,,,,,,,,,,,,,,,,,,,,,,,,,,,,,,,,,,,,,,,,,,,,,,,,,,,,,,,,,,,,,,,,,,,,30009
10,Dr. Laura Gedraitis,27 Gedimino pr.,Tauragė,,LT-72400,+370 446 970801,55.246954,22.307214,,,,,,,,,,,,,,,,,,,,,,,,,,,,,,,,,,,,,,,,,,,,,,,,,,,,,,,,,,,,,,,,,,,,,,,,,,,,,,,,,30010
11,Dr. Kristina Petraitis,73 Vytauto g.,Šiauliai,,LT-76321,+370 41 7478672,55.916155,23.300591,,,,,,,,,,,,,,,,,,,,,,,,,,,,,,,,,,,,,,,,,,,,,,,,,,,,,,,,,,,,,,,,,,,,,,,,,,,,,,,,,30011
12,Dr. Simona Povilaitė,102 Tilžės g.,Kėdainiai,,LT-57400,+370 347 810534,55.272441,23.99066,,,,,,,,,,,,,,,,,,,,,,,,,,,,,,,,,,,,,,,,,,,,,,,,,,,,,,,,,,,,,,,,,,,,,,,,,,,,,,,,,30012
13,Dr. Simona Kruopas,133 Laisvės alėja,Vilnius,,LT-01100,+370 5 9729514,54.685812,25.278618,,,,,,,,,,,,,,,,,,,,,,,,,,,,,,,,,,,,,,,,,,,,,,,,,,,,,,,,,,,,,,,,,,,,,,,,,,,,,,,,,30013
14,Dr. Marius Povilaitė,142 Tilžės g.,Panevėžys,,LT-35144,+370 45 6264313,55.73357,24.34625,,,,,,,,,,,,,,,,,,,,,,,,,,,,,,,,,,,,,,,,,,,,,,,,,,,,,,,,,,,,,,,,,,,,,,,,,,,,,,,,,30014
15,Dr. Ingrida Petraitis,78 Vytauto g.,Alytus,,LT-62114,+370 315 938958,54.394193,24.035157,,,,,,,,,,,,,,,,,,,,,,,,,,,,,,,,,,,,,,,,,,,,,,,,,,,,,,,,,,,,,,,,,,,,,,,,,,,,,,,,,30015
16,Dr. Ingrida Jankauskas,182 Savanorių pr.,Kėdainiai,,LT-57400,+370 347 616724,55.298919,23.991255,,,,,,,,,,,,,,,,,,,,,,,,,,,,,,,,,,,,,,,,,,,,,,,,,,,,,,,,,,,,,,,,,,,,,,,,,,,,,,,,,30016
17,Dr. Giedrius Kazlauskas,167 Savanorių pr.,Utena,,LT-28151,+370 389 913674,55.480372,25.581667,,,,,,,,,,,,,,,,,,,,,,,,,,,,,,,,,,,,,,,,,,,,,,,,,,,,,,,,,,,,,,,,,,,,,,,,,,,,,,,,,30017
18,Dr. Aistė Juozaitis,106 Gedimino pr.,Kėdainiai,,LT-57400,+370 347 449175,55.272475,23.956599,,,,,,,,,,,,,,,,,,,,,,,,,,,,,,,,,,,,,,,,,,,,,,,,,,,,,,,,,,,,,,,,,,,,,,,,,,,,,,,,,30018
19,Dr. Ieva Kruopas,45 Gedimino pr.,Tauragė,,LT-72400,+370 446 179106,55.257264,22.280243,,,,,,,,,,,,,,,,,,,,,,,,,,,,,,,,,,,,,,,,,,,,,,,,,,,,,,,,,,,,,,,,,,,,,,,,,,,,,,,,,30019
20,Dr. Tomas Bakas,182 Savanorių pr.,Klaipėda,,LT-91200,+370 46 2293694,55.68767,21.162495,,,,,,,,,,,,,,,,,,,,,,,,,,,,,,,,,,,,,,,,,,,,,,,,,,,,,,,,,,,,,,,,,,,,,,,,,,,,,,,,,30020
21,Dr. Kristina Žalys,64 Savanorių pr.,Kaunas,,LT-44312,+370 37 7741981,54.899023,23.921588,,,,,,,,,,,,,,,,,,,,,,,,,,,,,,,,,,,,,,,,,,,,,,,,,,,,,,,,,,,,,,,,,,,,,,,,,,,,,,,,,30021
22,Dr. Jonas Gedraitis,109 J. Basanavičiaus g.,Kėdainiai,,LT-57400,+370 347 834306,55.291294,23.959491,,,,,,,,,,,,,,,,,,,,,,,,,,,,,,,,,,,,,,,,,,,,,,,,,,,,,,,,,,,,,,,,,,,,,,,,,,,,,,,,,30022
23,Dr. Aistė Paulauskas,38 Laisvės alėja,Utena,,LT-28151,+370 389 119271,55.489061,25.593357,,,,,,,,,,,,,,,,,,,,,,,,,,,,,,,,,,,,,,,,,,,,,,,,,,,,,,,,,,,,,,,,,,,,,,,,,,,,,,,,,30023
24,Dr. Eglė Petrauskienė,157 Laisvės alėja,Alytus,,LT-62114,+370 315 513109,54.376087,24.017463,,,,,,,,,,,,,,,,,,,,,,,,,,,,,,,,,,,,,,,,,,,,,,,,,,,,,,,,,,,,,,,,,,,,,,,,,,,,,,,,,30024
25,Dr. Gabija Petrauskienė,92 J. Basanavičiaus g.,Šiauliai,,LT-76321,+370 41 0071082,55.945154,23.312727,,,,,,,,,,,,,,,,,,,,,,,,,,,,,,,,,,,,,,,,,,,,,,,,,,,,,,,,,,,,,,,,,,,,,,,,,,,,,,,,,30025
26,Dr. Ieva Kazlauskas,155 Vytauto g.,Šiauliai,,LT-76321,+370 41 5129917,55.942938,23.298406,,,,,,,,,,,,,,,,,,,,,,,,,,,,,,,,,,,,,,,,,,,,,,,,,,,,,,,,,,,,,,,,,,,,,,,,,,,,,,,,,30026
27,Dr. Rūta Balčiūnas,142 Vytauto g.,Tauragė,,LT-72400,+370 446 882845,55.250035,22.283705,,,,,,,,,,,,,,,,,,,,,,,,,,,,,,,,,,,,,,,,,,,,,,,,,,,,,,,,,,,,,,,,,,,,,,,,,,,,,,,,,30027
28,Dr. Giedrius Žalys,21 Gedimino pr.,Kaunas,,LT-44312,+370 37 3318170,54.890683,23.913213,,,,,,,,,,,,,,,,,,,,,,,,,,,,,,,,,,,,,,,,,,,,,,,,,,,,,,,,,,,,,,,,,,,,,,,,,,,,,,,,,30028
29,Dr. Ingrida Juozaitis,154 Tilžės g.,Tauragė,,LT-72400,+370 446 902052,55.264383,22.296403,,,,,,,,,,,,,,,,,,,,,,,,,,,,,,,,,,,,,,,,,,,,,,,,,,,,,,,,,,,,,,,,,,,,,,,,,,,,,,,,,30029